Fecha;Temperatura_Abrigo_150cm;Humedad_Media;Presion_Media;Radiacion_Global
2021-09-10 00:00:00.0;;30;1009.202;11.26422
2021-09-11 00:00:00.0;16.96944;67;1002.968;16.33728
2021-09-12 00:00:00.0;24.31181;56;993.7224;15.42384
2021-09-13 00:00:00.0;24.22013;72;994.8055;15.17526
2021-09-14 00:00:00.0;17.47222;50;1009.129;17.28018
2021-09-15 00:00:00.0;13.45209;51;1012.765;16.78614
2021-09-16 00:00:00.0;15.6007;51;1012.857;17.2848
2021-09-17 00:00:00.0;17.80763;67;1005.879;16.5945
2021-09-18 00:00:00.0;17.5375;92;1002.227;4.44456
2021-09-19 00:00:00.0;21.90764;76;996.1921;12.30858
2021-09-20 00:00:00.0;20.98612;74;1004.325;7.56306
2021-09-21 00:00:00.0;17.37361;62;1014.365;13.31364
2021-09-22 00:00:00.0;15.05208;60;1009.298;15.32616
2021-09-23 00:00:00.0;17.71597;64;1010.109;17.89338
2021-09-24 00:00:00.0;17.21944;64;1010.741;18.15384
2021-09-25 00:00:00.0;18.35695;60;1006.023;18.65994
2021-09-26 00:00:00.0;20.84097;55;1002.933;18.35388
2021-09-27 00:00:00.0;23.00138;49;1002.21;16.7979
2021-09-28 00:00:00.0;19.75;90;1005.118;1.51554
2021-09-29 00:00:00.0;18.33264;87;1004.078;8.005321
2021-09-30 00:00:00.0;23.03194;77;996.4241;11.96004
2021-10-01 00:00:00.0;20.61805;65;1002.252;16.56924
2021-10-02 00:00:00.0;20.68124;74;997.4106;15.16164
2021-10-03 00:00:00.0;16.41597;51;1006.029;8.22648
2021-10-04 00:00:00.0;14.18611;53;1009.304;19.41744
2021-10-05 00:00:00.0;16.3875;52;1004.4;19.26762
2021-10-06 00:00:00.0;20.30556;48;1005.952;9.882898
2021-10-07 00:00:00.0;18.05417;48;1007.651;18.29424
2021-10-08 00:00:00.0;18.93056;46;1003.395;12.57138
2021-10-09 00:00:00.0;20.29167;52;1004.205;18.92214
2021-10-10 00:00:00.0;18.42222;92;1004.185;6.57786
2021-10-11 00:00:00.0;20.40208;78;1005.443;13.431
2021-10-12 00:00:00.0;21.93334;59;1000.072;19.38552
2021-10-13 00:00:00.0;21.58611;77;994.8909;8.1189
2021-10-14 00:00:00.0;18.73125;78;995.9487;13.5099
2021-10-15 00:00:00.0;16.72778;51;1009.909;19.70292
2021-10-16 00:00:00.0;15.11805;56;1011.862;19.81572
2021-10-17 00:00:00.0;17.21666;53;1008.957;21.12642
2021-10-18 00:00:00.0;19.02222;54;1010.519;19.13364
2021-10-19 00:00:00.0;20.2375;46;1009.366;21.34962
2021-10-20 00:00:00.0;21.21597;47;1006.055;21.35076
2021-10-21 00:00:00.0;21.34792;49;1003.447;21.65676
2021-10-22 00:00:00.0;23.14166;46;996.3513;19.38072
2021-10-23 00:00:00.0;20.69722;72;996.9563;12.19656
2021-10-24 00:00:00.0;19.14792;53;1007.221;22.1847
2021-10-25 00:00:00.0;22.61805;43;1004.247;22.07532
2021-10-26 00:00:00.0;25.30625;43;1004.267;22.28088
2021-10-27 00:00:00.0;25.42708;44;1005.563;21.92544
2021-10-28 00:00:00.0;27.5875;39;1005.555;21.0822
2021-10-29 00:00:00.0;27.11667;43;1001.788;18.64464
2021-10-30 00:00:00.0;28.575;52;999.8648;20.7153
2021-10-31 00:00:00.0;28.32084;58;1001.86;16.6884
2021-11-01 00:00:00.0;22.27708;80;1003.296;7.714499
2021-11-02 00:00:00.0;18.50001;99;1004.519;0.37662
2021-11-03 00:00:00.0;20.81181;84;999.6251;16.1043
2021-11-04 00:00:00.0;25.69445;73;996.4167;18.0906
2021-12-08 00:00:00.0;25.94444;52;1002.725;23.5482
2021-12-09 00:00:00.0;27.16458;48;1002.014;22.51836
2021-12-10 00:00:00.0;22.98055;66;999.9908;8.534818
2021-12-11 00:00:00.0;23.91944;69;995.0194;15.0729
2021-12-12 00:00:00.0;25.54792;69;992.2412;8.613299
2021-12-13 00:00:00.0;23.41944;74;999.5397;7.233661
2021-12-14 00:00:00.0;24.27014;71;1000.245;19.86744
2021-12-15 00:00:00.0;26.33749;62;1001.986;22.89558
2021-12-16 00:00:00.0;26.94931;52;1002.594;23.93166
2021-12-17 00:00:00.0;25.7632;51;1002.968;24.10668
2021-12-18 00:00:00.0;26.32083;56;1001.247;24.28026
2021-12-19 00:00:00.0;28.58472;52;998.4985;22.06145
2021-12-20 00:00:00.0;31.07291;51;997.6357;14.96988
2021-12-21 00:00:00.0;31.08681;57;995.3439;20.48837
2021-12-22 00:00:00.0;27.8007;64;999.6096;9.997141
2021-12-23 00:00:00.0;27.59653;49;1002.613;23.49246
2021-12-24 00:00:00.0;25.89306;43;999.8262;23.88204
2021-12-25 00:00:00.0;28.37916;39;999.2716;23.43246
2021-12-26 00:00:00.0;27.61459;38;1000.702;24.43194
2021-12-27 00:00:00.0;27.06667;34;999.2352;24.67686
2021-12-28 00:00:00.0;30.0375;32;999.8557;21.82314
2021-12-29 00:00:00.0;29.32798;35;998.6618;23.86122
2021-12-30 00:00:00.0;29.10208;34;994.8464;23.3415
2021-12-31 00:00:00.0;30.90764;40;993.4303;22.20468
2022-01-01 00:00:00.0;30.66645;53;989.9874;18.83544
2022-01-02 00:00:00.0;28.10694;60;993.9347;22.19268
2022-01-03 00:00:00.0;29.68403;57;995.3069;21.94452
2022-01-04 00:00:00.0;28.56171;60;994.9973;20.09046
2022-01-05 00:00:00.0;26.04444;51;1000.818;23.71458
2022-01-08 00:00:00.0;26.45556;46;1000.326;23.72712
2022-01-09 00:00:00.0;28.04236;44;998.8373;23.73492
2022-01-10 00:00:00.0;30.12917;44;999.1619;23.05278
2022-01-11 00:00:00.0;30.6118;41;998.5952;23.43504
2022-01-12 00:00:00.0;30.9125;36;999.8423;23.7402
2022-01-13 00:00:00.0;31.96736;27;999.0844;23.62453
2022-01-14 00:00:00.0;31.70278;36;997.8412;20.42928
2022-01-15 00:00:00.0;34.20687;38;994.8775;21.13745
2022-01-16 00:00:00.0;34.57986;37;990.0341;21.2637
2022-01-17 00:00:00.0;31.38332;45;992.2155;21.33192
2022-01-18 00:00:00.0;24.39578;90;1000.852;4.71354
2022-01-19 00:00:00.0;24.25556;85;1002.928;11.27898
2022-01-20 00:00:00.0;30.24583;64;999.1161;18.77214
2022-01-21 00:00:00.0;32.4169;52;994.2263;22.07239
2022-01-22 00:00:00.0;33.19722;46;992.5638;22.22568
2022-01-23 00:00:00.0;28.29445;68;997.8772;18.07656
2022-01-24 00:00:00.0;27.24722;76;998.3139;16.10124
2022-01-25 00:00:00.0;25.69167;90;996.8021;5.90406
2022-01-26 00:00:00.0;25.34932;93;997.4022;4.16184
2022-01-27 00:00:00.0;24.2507;75;1004.78;14.5413
2022-01-28 00:00:00.0;22.32986;69;1003.167;23.31528
2022-01-29 00:00:00.0;23.88889;61;1000.312;22.71642
2022-01-30 00:00:00.0;25.42083;56;997.2486;23.62554
2022-01-31 00:00:00.0;26.18124;56;998.4223;22.91724
2022-02-01 00:00:00.0;28.77291;55;998.433;22.3461
2022-02-02 00:00:00.0;30.04583;47;996.6702;19.85922
2022-02-04 00:00:00.0;25.07569;77;997.5618;15.03402
2022-02-05 00:00:00.0;24.13333;64;1001.881;22.42038
2022-03-10 00:00:00.0;20.17223;96;1003.106;3.58968
2022-03-11 00:00:00.0;21.03055;74;1007.099;18.57606
2022-03-12 00:00:00.0;20.24097;70;1007.1;18.24233
2022-03-13 00:00:00.0;20.86806;69;1007.322;19.08648
2022-03-14 00:00:00.0;20.50695;69;1005.705;18.51522
2022-03-15 00:00:00.0;21.8868;69;1005.034;18.40218
2022-03-16 00:00:00.0;22.64028;68;1001.476;18.7977
2022-03-17 00:00:00.0;23.61042;71;997.7944;12.28566
2022-03-18 00:00:00.0;20.37222;84;1005.381;7.32198
2022-03-19 00:00:00.0;17.20069;71;1012.411;17.71038
2022-03-20 00:00:00.0;17.81458;68;1010.293;15.27036
2022-03-21 00:00:00.0;21.75625;65;1002.871;13.97292
2022-03-22 00:00:00.0;24.96528;80;998.8874;9.27996
2022-03-23 00:00:00.0;22.33819;95;994.9124;2.778839
2022-03-24 00:00:00.0;19.10417;69;1001.67;16.43376
2022-03-25 00:00:00.0;16.78125;70;1003.302;16.95048
2022-03-26 00:00:00.0;19.65625;72;1002.406;17.50926
2022-03-27 00:00:00.0;20.6618;66;1003.894;17.75412
2022-03-28 00:00:00.0;21.88403;67;1001.984;17.03946
2022-03-29 00:00:00.0;25.81181;66;996.2487;15.71046
2022-03-30 00:00:00.0;15.84306;58;1011.233;13.06386
2022-03-31 00:00:00.0;12.73056;65;1015.302;17.37654
2022-04-01 00:00:00.0;13.99931;70;1014.296;16.98714
2022-04-02 00:00:00.0;16.57083;64;1007.505;15.26694
2022-04-03 00:00:00.0;20.81875;86;1002.31;10.3995
2022-04-04 00:00:00.0;18.7;89;1006.529;6.72438
2022-04-05 00:00:00.0;19.66319;80;1005.471;12.06078
2022-04-06 00:00:00.0;22.15278;90;1002.996;5.79186
2022-04-07 00:00:00.0;21.57291;91;1003.027;5.645821
2022-04-08 00:00:00.0;20.75486;85;1003.776;14.0571
2022-04-09 00:00:00.0;22.19236;81;1002.571;12.93936
2022-04-10 00:00:00.0;21.89375;93;997.402;3.06576
2022-04-11 00:00:00.0;22.0507;83;997.8291;10.81386
2022-04-12 00:00:00.0;20.24027;80;1001.981;6.834
2022-04-13 00:00:00.0;17.42361;68;1008.917;12.89892
2022-04-14 00:00:00.0;15.03125;70;1012.689;15.62442
2022-04-15 00:00:00.0;14.73472;73;1010.268;15.45114
2022-04-16 00:00:00.0;16.18403;72;1010.239;13.47462
2022-04-17 00:00:00.0;17.19444;76;1010.306;14.3358
2022-04-18 00:00:00.0;16.84028;75;1007.569;14.58102
2022-04-19 00:00:00.0;18.14861;75;1004.906;14.23086
2022-04-20 00:00:00.0;20.4875;76;1003.0;10.26048
2022-04-21 00:00:00.0;20.1875;80;1001.956;12.25362
2022-04-22 00:00:00.0;17.6618;89;997.3527;4.8012
2022-04-23 00:00:00.0;14.61597;75;1000.537;13.5912
2022-04-24 00:00:00.0;20.47708;74;995.648;11.08152
2022-04-25 00:00:00.0;28.32917;75;994.2704;9.674821
2022-04-26 00:00:00.0;26.1993;79;990.9966;9.38052
2022-04-27 00:00:00.0;22.62916;74;995.3684;3.84504
2022-04-28 00:00:00.0;19.175;69;1007.199;11.18052
2022-04-29 00:00:00.0;13.62917;69;1014.137;9.85332
2022-04-30 00:00:00.0;13.59514;72;1007.197;4.34982
2022-05-01 00:00:00.0;17.31667;74;1005.208;6.906421
2022-05-02 00:00:00.0;16.03681;74;1008.659;6.87594
2022-05-03 00:00:00.0;12.43819;78;1012.341;12.53286
2022-05-04 00:00:00.0;13.62917;74;1010.55;12.75744
2022-05-05 00:00:00.0;14.54097;80;1009.545;11.88354
2022-05-06 00:00:00.0;16.53819;87;1011.358;6.38274
2022-05-07 00:00:00.0;18.11805;80;1010.895;10.36926
2022-05-08 00:00:00.0;16.55555;73;1007.204;12.15096
2022-05-09 00:00:00.0;13.22292;90;1008.606;2.37468
2022-05-10 00:00:00.0;17.48889;76;1007.096;9.141122
2022-05-11 00:00:00.0;15.18541;79;1009.547;10.80294
2022-05-12 00:00:00.0;14.56458;80;1007.354;11.34342
2022-05-13 00:00:00.0;14.84722;81;1006.118;9.01914
2022-05-14 00:00:00.0;14.41042;79;1007.91;10.70256
2022-05-15 00:00:00.0;12.27222;73;1013.255;8.566199
2022-05-16 00:00:00.0;9.668751;75;1017.663;11.39046
2022-05-17 00:00:00.0;9.340972;77;1017.993;11.00472
2022-05-18 00:00:00.0;8.99653;78;1016.564;11.0952
2022-05-19 00:00:00.0;9.006249;79;1011.268;11.04846
2022-05-20 00:00:00.0;11.78194;77;1007.911;11.05812
2022-05-21 00:00:00.0;13.81667;73;1010.399;10.44864
2022-05-22 00:00:00.0;14.95764;74;1008.098;10.48434
2022-05-23 00:00:00.0;15.6375;70;1003.94;10.3971
2022-05-24 00:00:00.0;20.10834;67;1001.138;7.39392
2022-05-25 00:00:00.0;20.42778;87;1004.643;8.340119
2022-05-26 00:00:00.0;12.40069;94;1010.169;0.74532
2022-05-27 00:00:00.0;13.51597;97;1006.796;1.65768
2022-05-28 00:00:00.0;14.86389;94;1002.31;2.44554
2022-05-29 00:00:00.0;14.18681;80;1005.529;6.003599
2022-05-30 00:00:00.0;7.436805;68;1011.857;8.647319
2022-05-31 00:00:00.0;6.997223;71;1011.84;5.457839
2022-06-01 00:00:00.0;9.154861;68;1010.837;5.487421
2022-06-02 00:00:00.0;10.37778;69;1013.126;8.4264
2022-06-03 00:00:00.0;8.3375;73;1012.636;10.09314
2022-06-04 00:00:00.0;8.575695;86;1006.994;6.81966
2022-06-05 00:00:00.0;13.51805;81;1004.971;2.7378
2022-06-06 00:00:00.0;14.25625;80;1006.364;7.18914
2022-06-07 00:00:00.0;9.488888;85;1005.187;9.71526
2022-06-08 00:00:00.0;9.476389;99;1006.695;2.44974
2022-06-09 00:00:00.0;13.16458;89;1009.868;3.66822
2022-06-10 00:00:00.0;10.0993;72;1018.982;9.789782
2022-06-11 00:00:00.0;6.783333;64;1017.54;9.946679
2022-06-12 00:00:00.0;10.03125;59;1014.606;9.94254
2022-06-13 00:00:00.0;10.11944;59;1010.926;10.22658
2022-06-14 00:00:00.0;12.32431;65;1004.346;10.179
2022-06-15 00:00:00.0;13.50972;68;1004.292;9.166078
2022-06-16 00:00:00.0;17.20764;71;1001.094;5.899919
2022-06-17 00:00:00.0;12.94236;70;1007.208;9.436139
2022-06-18 00:00:00.0;8.408334;68;1011.422;8.404619
2022-06-19 00:00:00.0;9.641667;66;1008.207;9.88362
2022-06-20 00:00:00.0;10.27847;71;1004.452;9.163442
2022-06-21 00:00:00.0;12.73611;67;1003.311;7.797241
2022-06-22 00:00:00.0;9.438197;83;1006.952;2.553719
2022-06-23 00:00:00.0;8.625695;91;1009.728;2.08692
2022-06-24 00:00:00.0;10.34861;86;1012.575;6.447719
2022-06-25 00:00:00.0;11.72361;83;1017.746;2.63166
2022-06-26 00:00:00.0;11.70764;80;1010.94;0.85866
2022-06-27 00:00:00.0;12.7632;98;1006.421;1.52076
2022-06-28 00:00:00.0;12.08264;90;1010.452;6.084181
2022-06-29 00:00:00.0;9.675;79;1007.25;9.725882
2022-06-30 00:00:00.0;10.52639;84;1007.258;9.21702
2022-07-01 00:00:00.0;16.53264;73;996.4021;8.41314
2022-07-02 00:00:00.0;17.32639;55;1004.825;7.29522
2022-07-03 00:00:00.0;13.58194;68;1007.317;6.627
2022-07-04 00:00:00.0;17.70347;77;1004.093;5.139481
2022-07-05 00:00:00.0;16.13403;79;1005.442;5.073781
2022-07-06 00:00:00.0;14.79722;93;998.863;3.5598
2022-07-07 00:00:00.0;15.50278;56;1007.011;8.669878
2022-07-08 00:00:00.0;15.02292;60;1005.715;5.61984
2022-07-09 00:00:00.0;20.36527;67;996.5996;9.072479
2022-07-10 00:00:00.0;22.7875;63;993.2517;7.6014
2022-07-11 00:00:00.0;14.35139;69;1001.171;3.76788
2022-07-12 00:00:00.0;7.772915;76;1011.732;9.251698
2022-07-13 00:00:00.0;10.58056;69;1004.374;10.16748
2022-07-14 00:00:00.0;16.53125;74;995.5167;9.449221
2022-07-15 00:00:00.0;14.56597;86;997.7075;2.0424
2022-07-16 00:00:00.0;9.782638;87;1006.807;2.81988
2022-07-17 00:00:00.0;7.317362;78;1012.462;10.50582
2022-07-18 00:00:00.0;10.54375;74;1012.45;7.420739
2022-07-19 00:00:00.0;13.75417;70;1012.549;9.821163
2022-07-20 00:00:00.0;14.67569;82;1002.895;7.18644
2022-07-21 00:00:00.0;20.45903;83;1000.207;7.61532
2022-07-22 00:00:00.0;18.24375;95;1001.186;3.35586
2022-07-23 00:00:00.0;19.26181;83;999.8405;6.86112
2022-07-24 00:00:00.0;22.24236;75;1000.422;8.091
2022-07-25 00:00:00.0;23.19097;72;1001.445;9.007561
2022-07-26 00:00:00.0;25.42431;55;1002.052;9.584819
2022-07-27 00:00:00.0;23.79235;64;1001.72;8.690041
2022-07-28 00:00:00.0;14.14514;75;1007.91;2.674561
2022-07-29 00:00:00.0;10.75417;61;1011.184;11.34066
2022-07-30 00:00:00.0;11.43472;62;1006.735;11.65458
2022-07-31 00:00:00.0;13.24931;66;1006.386;11.19204
2022-08-01 00:00:00.0;14.89375;66;1005.07;11.24352
2022-08-02 00:00:00.0;18.17222;69;1001.34;9.2166
2022-08-03 00:00:00.0;15.87986;100;1000.441;0.5361
2022-08-04 00:00:00.0;13.67222;83;1006.08;10.07712
2022-08-05 00:00:00.0;10.47361;75;1009.524;12.05496
2022-08-06 00:00:00.0;10.86319;83;1006.821;9.211802
2022-08-07 00:00:00.0;10.32083;87;1008.331;10.2273
2022-08-08 00:00:00.0;12.63403;84;1012.893;8.64924
2022-08-09 00:00:00.0;11.82292;89;1019.423;5.319419
2022-08-10 00:00:00.0;10.43472;77;1015.589;11.19948
2022-08-11 00:00:00.0;12.36875;76;1010.051;11.58834
2022-08-12 00:00:00.0;15.59306;73;1004.531;9.69888
2022-08-13 00:00:00.0;17.22569;73;1004.626;12.45252
2022-08-14 00:00:00.0;19.51667;71;996.2027;12.024
2022-08-15 00:00:00.0;18.30973;65;996.7849;12.31638
2022-08-16 00:00:00.0;12.59931;55;999.6034;13.2402
2022-08-17 00:00:00.0;14.24791;60;998.9163;8.821441
2022-08-18 00:00:00.0;9.272917;51;1017.317;13.27596
2022-08-19 00:00:00.0;7.334723;50;1021.546;13.96392
2022-08-20 00:00:00.0;9.708336;51;1017.017;14.45754
2022-08-21 00:00:00.0;10.96736;59;1016.111;14.23008
2022-08-22 00:00:00.0;12.59097;63;1011.796;11.6592
2022-08-23 00:00:00.0;17.00625;70;1007.129;9.174717
2022-08-24 00:00:00.0;20.98125;70;1004.235;12.39084
2022-08-25 00:00:00.0;25.70973;63;1002.149;10.7448
2022-08-26 00:00:00.0;24.27778;63;999.9658;7.313641
2022-08-27 00:00:00.0;23.07222;45;1002.786;10.1433
2022-08-28 00:00:00.0;12.63611;45;1022.429;13.73646
2022-08-29 00:00:00.0;9.286113;58;1021.225;13.72476
2022-08-30 00:00:00.0;13.6257;55;1011.779;11.33352
2022-08-31 00:00:00.0;19.9382;58;1002.34;11.91984
2022-09-01 00:00:00.0;18.65;84;1000.389;5.738581
2022-09-02 00:00:00.0;15.40208;68;1013.094;15.13764
2022-09-03 00:00:00.0;11.68403;58;1017.481;16.31592
2022-09-04 00:00:00.0;11.45208;49;1015.412;14.85852
2022-09-05 00:00:00.0;13.425;48;1013.683;16.30962
2022-09-06 00:00:00.0;14.31736;49;1007.767;16.0263
2022-09-07 00:00:00.0;19.38402;39;997.2309;15.8097
2022-09-08 00:00:00.0;21.61805;52;993.9507;11.4126
2022-09-09 00:00:00.0;14.29097;52;1009.333;15.5262
2022-09-10 00:00:00.0;12.06597;45;1014.046;16.68678
2022-09-11 00:00:00.0;12.67083;47;1008.609;15.41268
2022-09-12 00:00:00.0;14.24514;51;1006.75;16.89996
2022-09-13 00:00:00.0;14.58194;50;1008.153;16.94664
2022-09-14 00:00:00.0;15.33125;55;1013.48;16.57386
2022-09-15 00:00:00.0;15.88125;50;1011.732;17.2461
2022-09-16 00:00:00.0;18.13681;50;1007.05;16.9281
2022-09-17 00:00:00.0;21.73263;39;1000.826;14.64732
2022-09-18 00:00:00.0;24.71181;45;997.1088;10.53432
2022-09-19 00:00:00.0;16.8257;84;1004.946;10.21866
2022-09-20 00:00:00.0;16.07847;78;1005.302;7.18488
2022-09-21 00:00:00.0;13.96944;98;1006.042;1.46106
2022-09-22 00:00:00.0;12.94236;64;1011.38;17.87526
2022-09-23 00:00:00.0;14.30625;58;1009.234;18.20676
2022-09-24 00:00:00.0;16.44445;52;1006.004;18.22836
2022-09-25 00:00:00.0;17.54306;56;1003.314;17.74968
2022-09-26 00:00:00.0;19.60764;50;1004.104;17.91672
2022-09-27 00:00:00.0;19.57292;48;1007.666;13.10562
2022-09-28 00:00:00.0;19.28542;48;1013.315;11.79978
2022-09-29 00:00:00.0;17.99792;54;1011.333;18.09684
2022-09-30 00:00:00.0;18.20486;58;1009.448;18.24744
2022-10-01 00:00:00.0;19.14514;53;1009.298;18.28224
2022-10-02 00:00:00.0;19.52014;53;1010.607;19.41822
2022-10-03 00:00:00.0;19.85903;48;1006.828;19.44588
2022-10-04 00:00:00.0;20.61944;42;1000.626;18.96522
2022-10-05 00:00:00.0;22.08333;54;996.6104;16.58622
2022-10-06 00:00:00.0;16.48958;81;1001.65;7.629
2022-10-07 00:00:00.0;18.82916;58;1001.354;19.67316
2022-10-08 00:00:00.0;19.99652;39;1000.775;18.7569
2022-10-09 00:00:00.0;14.21806;42;1012.757;13.91106
2022-10-10 00:00:00.0;13.74931;49;1010.507;19.39662
2022-10-11 00:00:00.0;16.24513;49;1007.724;20.47314
2022-10-12 00:00:00.0;18.63334;41;1004.452;19.83918
2022-10-13 00:00:00.0;19.82014;46;1006.438;18.0069
2022-10-14 00:00:00.0;18.10903;46;1012.351;15.77724
2022-10-15 00:00:00.0;21.10764;54;1011.548;17.35794
2022-10-16 00:00:00.0;20.95695;54;1008.804;18.53772
2022-10-17 00:00:00.0;18.67987;62;1009.144;11.27712
2022-10-18 00:00:00.0;19.79653;60;1007.051;17.88258
2022-10-19 00:00:00.0;18.39514;89;1002.849;2.75256
2022-10-20 00:00:00.0;20.99167;78;1000.068;15.05418
2022-10-21 00:00:00.0;21.9243;67;1000.853;20.39754
2022-10-22 00:00:00.0;19.80903;73;1007.59;16.06488
2022-10-23 00:00:00.0;19.20348;64;1008.016;18.28092
2022-10-24 00:00:00.0;24.42778;47;1003.323;20.59398
2022-10-25 00:00:00.0;27.49514;38;996.6257;20.1903
2022-10-26 00:00:00.0;23.82292;69;996.3679;13.6146
2022-10-27 00:00:00.0;22.56735;55;1001.902;21.95472
2022-10-28 00:00:00.0;24.73612;42;997.2097;21.7044
2022-10-29 00:00:00.0;29.71041;47;990.277;21.15732
2022-10-30 00:00:00.0;23.54723;53;996.007;6.013979
2022-10-31 00:00:00.0;16.22152;39;1018.022;20.14758
2022-11-01 00:00:00.0;14.55555;39;1021.956;23.12568
2022-11-02 00:00:00.0;17.42847;38;1018.954;22.96913
2022-11-03 00:00:00.0;19.40625;40;1014.327;22.40123
2022-11-04 00:00:00.0;21.40278;39;1009.573;21.5265
2022-11-05 00:00:00.0;21.9625;43;1007.365;22.78369
2022-11-06 00:00:00.0;22.98264;42;1007.447;22.69631
2022-11-07 00:00:00.0;23.57709;38;1007.353;22.03032
2022-11-08 00:00:00.0;22.98888;38;1005.814;22.93128
2022-11-09 00:00:00.0;23.9368;37;1000.788;21.13595
2022-11-10 00:00:00.0;22.35903;62;999.8508;4.475699
2022-11-11 00:00:00.0;23.31389;56;998.9226;21.39306
2022-11-12 00:00:00.0;25.99931;55;995.7841;16.96818
2022-11-13 00:00:00.0;23.88542;64;996.9583;18.54018
2022-11-14 00:00:00.0;22.27015;46;1002.365;23.64534
2022-11-15 00:00:00.0;24.97639;32;1004.666;23.0403
2022-11-16 00:00:00.0;28.30695;29;1004.566;23.0703
2022-11-17 00:00:00.0;28.62708;31;1002.505;23.23236
2022-11-18 00:00:00.0;28.84861;32;999.1002;23.11386
2022-11-19 00:00:00.0;29.55624;29;995.9321;21.30402
2022-11-20 00:00:00.0;24.63471;77;998.1335;4.6386
2022-11-21 00:00:00.0;18.76667;92;1003.864;4.876679
2022-11-22 00:00:00.0;19.61736;59;1005.406;23.90004
2022-11-23 00:00:00.0;22.64722;45;1002.755;22.49268
2022-11-24 00:00:00.0;26.50557;35;1002.381;23.36592
2022-11-25 00:00:00.0;29.00279;33;1004.697;23.19805
2022-11-26 00:00:00.0;29.54861;34;1004.317;23.06771
2022-11-27 00:00:00.0;28.77222;39;1002.643;22.8879
2022-11-28 00:00:00.0;30.65485;40;997.855;23.25672
2022-11-29 00:00:00.0;29.81181;35;994.0082;23.93261
2022-11-30 00:00:00.0;28.01597;49;992.845;18.5751
2022-12-01 00:00:00.0;25.01944;62;998.7278;15.34398
2022-12-02 00:00:00.0;24.42291;49;1001.834;22.0629
2022-12-03 00:00:00.0;26.30695;37;998.9449;23.8617
2022-12-04 00:00:00.0;27.92431;40;998.2947;23.5725
2022-12-05 00:00:00.0;29.3375;35;998.5334;24.01242
2022-12-06 00:00:00.0;31.35695;36;998.2787;23.53848
2022-12-07 00:00:00.0;32.89236;36;995.6151;19.91688
2022-12-08 00:00:00.0;32.42014;44;993.2975;18.93564
2022-12-09 00:00:00.0;32.875;44;991.8497;18.63792
2022-12-10 00:00:00.0;26.26598;86;998.7083;5.60424
2022-12-11 00:00:00.0;28.59722;67;996.4833;22.32432
2022-12-12 00:00:00.0;30.80555;57;994.6785;19.68084
2022-12-13 00:00:00.0;26.53472;42;999.8171;24.93085
2022-12-14 00:00:00.0;27.03473;43;997.6082;24.24996
2022-12-15 00:00:00.0;26.20208;51;1001.104;13.90434
2022-12-16 00:00:00.0;25.70764;45;1001.849;23.63784
2022-12-17 00:00:00.0;21.09583;55;1000.431;7.84122
2022-12-18 00:00:00.0;24.20695;46;1001.094;18.91938
2022-12-19 00:00:00.0;26.78403;42;1000.956;23.72166
2022-12-20 00:00:00.0;29.14097;40;1000.299;22.8687
2022-12-21 00:00:00.0;29.26042;38;999.8748;23.76828
2022-12-22 00:00:00.0;29.01806;47;996.9661;14.93058
2022-12-23 00:00:00.0;26.63611;64;996.6984;11.4486
2022-12-24 00:00:00.0;24.44722;70;1002.443;17.60243
2022-12-25 00:00:00.0;23.92916;49;1005.69;22.2876
2022-12-26 00:00:00.0;23.91806;42;1003.838;20.2002
2022-12-27 00:00:00.0;22.07084;75;1001.747;11.52804
2022-12-28 00:00:00.0;24.55348;62;1002.167;23.57556
2022-12-29 00:00:00.0;26.4007;54;1003.218;23.89325
2022-12-30 00:00:00.0;28.94097;44;999.2214;21.28146
2022-12-31 00:00:00.0;31.70972;32;997.8421;20.5926
;;;;
;;;;
;;;;
;;;;
;;;;
;;;;
;;;;
;;;;
;;;;
;;;;
;;;;
;;;;
;;;;
;;;;
;;;;
;;;;
;;;;
;;;;
;;;;
;;;;
;;;;
;;;;
;;;;
;;;;
;;;;
;;;;
;;;;
;;;;
;;;;
;;;;
;;;;
;;;;
;;;;
;;;;
;;;;
;;;;
;;;;
;;;;
;;;;
;;;;
;;;;
;;;;
;;;;
;;;;
;;;;
;;;;
;;;;
;;;;
;;;;
;;;;
;;;;
;;;;
;;;;
;;;;
;;;;
;;;;
;;;;
;;;;
;;;;
;;;;
;;;;
;;;;
;;;;
;;;;
;;;;
;;;;
;;;;
;;;;
;;;;
;;;;
;;;;
;;;;
;;;;
;;;;
;;;;
;;;;
;;;;
;;;;
;;;;
;;;;
;;;;
;;;;
;;;;
;;;;
;;;;
;;;;
;;;;
;;;;
;;;;
;;;;
;;;;
;;;;
;;;;
;;;;
;;;;
;;;;
;;;;
;;;;
;;;;
;;;;
;;;;
;;;;
;;;;
;;;;
;;;;
;;;;
;;;;
;;;;
;;;;
;;;;
;;;;
;;;;
;;;;
;;;;
;;;;
;;;;
;;;;
;;;;
;;;;
;;;;
;;;;
;;;;
;;;;
;;;;
;;;;
;;;;
;;;;
;;;;
;;;;
;;;;
;;;;
;;;;
;;;;
;;;;
;;;;
;;;;
;;;;
;;;;
;;;;
;;;;
;;;;
;;;;
;;;;
;;;;
;;;;
;;;;
;;;;
;;;;
;;;;
;;;;
;;;;
;;;;
;;;;
;;;;
;;;;
;;;;
;;;;
;;;;
;;;;
;;;;
;;;;
;;;;
;;;;
;;;;
;;;;
;;;;
;;;;
;;;;
;;;;
;;;;
;;;;
;;;;
;;;;
;;;;
;;;;
;;;;
;;;;
;;;;
;;;;
;;;;
;;;;
;;;;
;;;;
;;;;
;;;;
;;;;
;;;;
;;;;
;;;;
;;;;
;;;;
;;;;
;;;;
;;;;
;;;;
;;;;
;;;;
;;;;
;;;;
;;;;
;;;;
;;;;
;;;;
;;;;
;;;;
;;;;
;;;;
;;;;
;;;;
;;;;
;;;;
;;;;
;;;;
;;;;
;;;;
;;;;
;;;;
;;;;
;;;;
;;;;
;;;;
;;;;
;;;;
;;;;
;;;;
;;;;
;;;;
;;;;
;;;;
;;;;
;;;;
;;;;
;;;;
;;;;
;;;;
;;;;
;;;;
;;;;
;;;;
;;;;
;;;;
;;;;
;;;;
;;;;
;;;;
;;;;
;;;;
;;;;
;;;;
;;;;
;;;;
;;;;
;;;;
;;;;
;;;;
;;;;
;;;;
;;;;
;;;;
;;;;
;;;;
;;;;
;;;;
;;;;
;;;;
;;;;
;;;;
;;;;
;;;;
;;;;
;;;;
;;;;
;;;;
;;;;
;;;;
;;;;
;;;;
;;;;
;;;;
;;;;
;;;;
;;;;
;;;;
;;;;
;;;;
;;;;
;;;;
;;;;
;;;;
;;;;
;;;;
;;;;
;;;;
;;;;
;;;;
;;;;
;;;;
;;;;
;;;;
;;;;
;;;;
;;;;
;;;;
;;;;
;;;;
;;;;
;;;;
;;;;
;;;;
;;;;
